title,movie_id
"Karate Kid
Legends",1011477
The King of Kings,1181107
Ballerina,541671
Jurassic World: Rebirth,1234821
Eddington,648878
Friendship,1239655
Bring Her Back,1151031
The Last Rodeo,1380682
The Accountant 2,1416745
How to Train your Dragon,1087192
The Phoenician Scheme,1137350
Lilo & Stitch,552524
The Life of Chuck,842924
The Surfer,1128655
Clown in A Cornfield,713364
"Thunderbolts*
*the New Avengers",986056
Drop,1249213
Shadow Force,757725
Fight or Flight,1212855
"Final Destination, Bloodlines",574475
The Amateur,1087891
M3gan 2.0,1071585
Let's Start A Cult,1327649
Sinners,1233413
The Rule of Jenny Pen,1212742
Levels,791042
Death of A Unicorn,1153714
Flow,262610
Warfare,1241436
One of Them Days,1280672
A Minecraft Movie,950387
A Working Man,1197306
Snow White,447273
The Monkey,1124620
The Ballad of Wallis Island,1122099
The Friend,248608
The Wedding Banquet,1278827
In the Lost Lands,324544
The Wiz,929834
The Brutalist,549509
Queer,1059128
"Bridget, Mad About the Boy",1272149
The Alto Knights,1013601
William Tell,1195631
The Woman in the Yard,1244944
Bottoms,814776
"Doctor Who
The Savages",436722
Presence,1140535
"Captain America
Brave New World",822119
"Spy x family
Code: White",1062807
Batman Ninja,1297763
Black Bag,1233575
Mickey 17,696506
Anora,1064213
Armor,1182387
The End,35976
A Real Pain,1013850
Memoir of A Snail,1064486
K SjO a K SQO aÞ,
Paddington in Peru,516729
Last Breath,89150
Nosferatu,426063
Kraven the Hunter,539972
"Bonhoeffer
Pastor. Spy. Assassin",1079244
Batman ninja vs. Yakuza league,1297763
Asia,55048
Flight Risk,1126166
Love Hurts,64004
I Saw the TV Glow,858017
Dog Man,8891
"Mufasa, the Lion King",762509
A Complete Unknown,661539
Companion,1084199
Love Me,139628
"Please Don't Destroy
The Treasure of Foggy Mountain",1002315
We Live in Time,1100099
Wolf Man,710295
Moana 2,1241982
Juror #2,1106739
Babygirl,1097549
5-Sep,1225954
Sing Sing,219556
Heretic,1138194
"Den of Thieves 2
Pantera",604685
Molli and Max in the Future,1011911
"The Nutty Professor Collection
Nutty Professor",
Attachment,699505
Wicked,834143
The Substance,933260
Here,206691
The Order,82104
"Venom, the Last Dance",912649
Saturday Night,68829
"The Lord of the Rings
The War of the Rohirrim",839033
"Nine Perfect Strangers
Season 1",
Werewolves,970450
Hard Truths,1013154
The Wild Robot,1184918
Conclave,974576
The Garfield Movie,748783
Migration,940551
Despicable Me 4,519182
Deadpool & Wolverine,533535
IF,639720
Reagan,672239
"The Hunger Games
Ballad of Songbirds and Snakes",695721
Beetlejuice Beetlejuice,4288
Inside Out 2,1022789
Arthur the King,22002
The Fall Guy,5031
Civil War,121534
"Godzilla X Kong
The New Empire",823464
Mothers' Instinct,758679
The Bikeriders,1008409
Kung Fu Panda 4,1011985
Kingdom of the Planet of the Apes,653346
Borderlands,365177
Wish,1022796
The Ministry of Ungentlemanly Warfare,799583
"Alien
Romulus",945961
Godzilla minus one,940721
It Ends With Us,1079091
Harold and the Purple Crayon,24875
White Bird,779816
"Dune, Part Two",693134
"Joker, Folie à Deux",889737
Longlegs,1226578
The Boys in the Boat,823452
The boy and the heron,508883
"Furiosa
A Mad Max Saga",786892
"Horizon
Chapter 1 / An American Saga",
Twisters,718821
"Ghostbusters
Frozen Empire",967847
The Killer's Game,507241
"Bad Boys, Ride or Die",573435
Ferrari,365620
"A Quiet Place
Day One",762441
Thelma,97248
Monkey Man,560016
The 4:30 Movie,1146556
Challengers,937287
Kinds of Kindness,1029955
MaXXXine,1023922
Poor Things,792307
Wonka,787699
Next Goal Wins,256836
The Beekeeper,866398
Aquaman and the Lost Kingdom,572802
Mean Girls,10625
Origin,82875
The Marsh King's Daughter,798362
The Apprentice,2472
Trolls Band Together,901362
"Andor
The Complete First Season",
Immaculate,1041613
Blink Twice,840705
Freelance,897087
"Bob Marley, One Love",53041
The Holdovers,840430
Journey to Bethlehem,1092329
The Last Stop in Yuma County,1047020
The Forge,1186532
Drive-away Dolls,957304
The zone of interest,467244
The Fabulous Four,974613
Dance First,978114
The Crow,957452
The Iron Claw,850165
The Color Purple,873
Robot Dreams,838240
Red rooms,219705
"The Falcon and the Winter Soldier
The Complete First Season",
"Justice League
Crisis on Infinite Earths. Part One",1155089
Didi,4048595
Piece by Piece,1236419
Lisa Frankenstein,993784
Piece by Piece,1236419
Boy Kills World,882059
Dream Scenario,823482
Ordinary Angels,974036
American Fiction,1056360
Imaginary,1125311
Anatomy of a fall,915935
Cuckoo,47813
The Marvels,609681
"Moon Knight
The Complete First Season",
Boneyard,1114738
The Island,71121
The Watchers,1086747
Terrifier 3,1034541
We Are Zombies,1139106
"Justice League, Crisis on Infinite Earths
Part Three",1209290
"Justice League
Crisis on Infinite Earths. Part Two",1209288
Never Let Go,85593
The Night They Came Home,1216299
Thanksgiving,86986
Night Swim,305966
"Obi-wan Kenobi
The Complete Series",
Godzilla,340315
Love Lies Bleeding,948549
"Watchmen
Chapter 1",1155058
Godzilla,340315
Anyone but You,1072790
Speak No Evil,1114513
Trap,1032823
The American Society of Magical Negroes,1039773
Priscilla,1020006
1992,62459
Silent Night,760054
Ezra,213543
Monolith,1113843
The Book of Clarence,976584
Back to Black,998846
"Watchmen
Chapter II",1299652
All of Us Strangers,994108
Oppenheimer,8771
Indiana Jones and the Dial of Destiny,335977
Asteroid City,747188
"PAW Patrol
The Mighty Movie",893723
"Spider-man
Across the Spider-verse",569094
The Super Mario Bros. Movie,502356
"Mission: Impossible
Dead Reckoning. Part One",575264
"Teenage Mutant Ninja Turtles
Mutant Mayhem",614930
"Puss in Boots
The Last Wish",315162
Elemental,976573
Barbie,346698
Sound of Freedom,678512
"Avatar
The Way of Water",76600
M3GAN,536554
"Operation Fortune
Ruse De Guerre",739405
"Book Club
The Next Chapter",982271
Past Lives,666277
The Little Mermaid,2675
Marlowe,844417
Champions,71744
"John Wick
Chapter 4",603692
Plane,646389
Jules,1072371
The Princess Bride,105479
Scream VI,934433
Devotion,120743
A Haunting in Venice,945729
Air,964980
Babylon,615777
Golda,899524
The Menu,593643
A Man Called Otto,937278
The Equalizer 3,926393
Talk to Me,23758
"The Mandalorian
The Complete First Season",
The Creator,670292
"Meg 2
The Trench",615656
What Happens Later,970948
Expend4bles,299054
Mob Land,979275
Joy Ride,864168
Strays,123324
The Flash,60735
Till,854239
Bones and All,791177
"Hotel Transylvania 4
Transformania",585083
"The Mandalorian
The Complete Second Season",
Violent Night,899112
No Hard Feelings,884605
The Covenant,9954
"Ruby Gillman, Teenage Kraken",1040148
Jesus Revolution,719256
All quiet on the western front,49046
Triangle of Sadness,497828
Retribution,762430
"Transformers
Rise of the Beasts",667538
"Dungeons & Dragons, Honor Among Thieves",493529
Dumb Money,792293
Black Adam,436270
Fast X,385687
"The Exorcist
Believer",807172
Kandahar,717930
Renfield,649609
The Miracle Club,830721
The Fabelmans,804095
Empire of Light,814757
Gran Turismo,980489
She Said,837881
Haunted Mansion,616747
"Ant-Man and the Wasp
Quantumania",640146
Blue Beetle,565770
"Insidious
The Red Door",614479
My Big Fat Greek Wedding 3,1001811
The Boogeyman,532408
Beau Is Afraid,798286
A Good Person,800787
Moving on,18632
About My Father,829051
"Are You There God? It's Me, Margaret",555285
Missing,45388
"Whitney Houston
I Wanna Dance With Somebody",696157
65,700391
Cocaine Bear,804150
80 for Brady,942922
Knock at the Cabin,631842
"Guardians of the Galaxy, Volume 3",447365
Five Nights at Freddy's,507089
"Black Panther, Wakanda Forever",505642
Spoiler Alert,507903
Paint,682697
Strange World,5174
The Last Voyage of the Demeter,635910
Saw X,951491
Evil Dead Rise,713704
The Retirement Plan,866346
Rumble Through the Dark,844416
"Loki
The Complete First Season",
The Blackening,1008392
Rain Man,1525048
Women Talking,777245
The Kill Room,958006
Mafia Mamma,809787
Full time,68293
Thelma & Louise,1541
"For All Mankind
Season One",
"Batman
The Doom That Came to Gotham",1003579
"WandaVision
The Complete Series",
You Hurt My Feelings,106474
Legion of Super-Heroes,1003580
"Shazam!
Fury of the Gods",594767
Prey for the Devil,676547
Creed III,677179
The Nun II,968051
Armageddon Time,615952
Living,97010
Lonely castle in the mirror,942881
"!Jc!K3 = Inu-oh
Inu-oh",
"Babylon 5
The Road Home",1121575
Inuo,642538
Love Again,346228
Fool's Paradise,109878
The Machine,647250
Mindcage,1043565
The wandering earth II,842675
Magic Mike's Last Dance,906221
"Mortal Kombat Legends, Cage Match",1034062
"A Disturbance in the Force
How the Star Wars Holiday Special Happened",765673
The Pope's Exorcist,758323
Desperation Road,1039690
"Big George Foreman
The Miraculous Story of the Once and Future Heavyweight Champion of the World",878361
"Star Trek VII
Generations",193
The Whale,785084
The Bad Guys,1175942
"Top Gun
Maverick",361743
"Minions
The Rise of Gru",438148
Jurassic World Dominion,507086
Sing 2,438695
"Downton Abbey
A New Era",820446
"Lyle, Lyle, Crocodile",830784
Encanto,568124
"E.T., the Extra-Terrestrial",601
Clifford the Big Red Dog,8379
"Spider-man, No Way Home",634649
"The Matrix
Resurrections",624860
The King's Man,476669
House of Gucci,644495
Turning Red,508947
Sonic the Hedgehog 2,675353
Bullet Train,718930
The Northman,639933
Ticket to Paradise,800939
Where the Crawdads Sing,682507
Infinite,581726
Everything Everywhere All at Once,545611
Uncharted,335787
Lightyear,718789
Dune,438631
Amsterdam,158336
"Fantastic Beasts
The Secrets of Dumbledore",338953
"Paws of Fury
The Legend of Hank",366672
Blacklight,823625
Death on the Nile,505026
Moonfall,406759
Dog,626735
"Ghostbusters
Afterlife",425909
The Unbearable Weight of Massive Talent,648579
American Underdog,673309
Eternals,524434
Scream,4232
Rumble,23126
"Parallel mothers
Madres paralelas",766798
"The Outer Limits
Season One",
Elvis,22045
Three Thousand Years of Longing,556694
Agent Game,872542
Cyrano,730047
Vengeance,683340
The 355,522016
Belfast,777270
The Black Phone,756999
Marry Me,78052
Men,46742
Redeeming Love,698508
X,760104
West Side Story,1725
"Thor
Love and Thunder",616037
Mrs. Harris Goes to Paris,754609
Memory,818397
Tár,153325
To Kill A Mockingbird,595
The worst person in the world,660120
Drive my car,758866
Marcel the Shell With Shoes on,419474
Moonage Daydream,957457
The Outfit,799876
Father Stu,809140
Ambulance,67946
Don't Worry Darling,619730
Doctor Strange in the Multiverse of Madness,453395
Nope,762504
The Godfather,238
Mack & Rita,808087
A Journal for Jordan,501841
Studio 666,895744
Raging Bull,1578
Easter Sunday,824281
Showing up,256559
The Woman King,724495
The Lost City,752623
Pearl,10726
Jackass Forever,656663
Pearl,10726
The Batman,2022
Bros,614939
DC League of Super-Pets,539681
Licorice Pizza,718032
King Richard,614917
Smile,2587
Halloween Kills,610253
Halloween Ends,616820
Beast,6369
The Good House,22001
Firestarter,532710
The Bob's Burgers Movie,504827
The Banshees of Inisherin,674324
Hockeyland,891023
"Starhunter Redux
Season One, the Complete Series",
"Starhunter Redux
Season Two, the Complete Series",
Antlers,516329
Flee,834104
"The Outer Limits
Season Two",
Brian and Charles,913814
"Mortal Kombat Legends
Snow Blind",1007401
C'mon C'mon,632617
The Invitation,202171
Last Night in Soho,576845
The Addams Family 2,639721
"Starhunter Redux
Season One, the Complete Series",
"Starhunter Redux
Season Two, the Complete Series",
Hockeyland,891023
Nightmare Alley,597208
Bodies Bodies Bodies,42252
Clerks III,635891
The Piano,555966
Aftersun,1098585
"PAW Patrol
The Movie",893723
"Spirit Untamed
The Movie",
"The Boss Baby
Family Business",459151
Dear Evan Hansen,567690
Raya and the Last Dragon,527774
"The Croods, A New Age",529203
Coraline,14836
Nobody,615457
Promising Young Woman,582014
Black Widow,60637
Indiana Jones and the Raiders of the Lost Ark,85
Free Guy,550988
Chaos Walking,412656
Justice League,1618
Tom and Jerry,47480
Minari,615643
No Time to Die,370172
Shrek,808
Godzilla Vs. Kong,399566
The Marksman,25026
Shang-chi and the Legend of the Ten Rings,566525
Soul,508442
Ron's Gone Wrong,482321
"The SpongeBob Movie
Sponge on the Run",400160
"Venom, Let There Be Carnage",580489
"Space Jam, A New Legacy",379686
In the Heights,467909
The Unholy,632357
Wonder Woman 1984,464052
Reminiscence,579047
Luca,508943
Judas and the Black Messiah,583406
Cruella,337404
Land,82328
Pig,635731
Peter Rabbit 2,522478
"A Quiet Place
Part II",520763
The Protégé,
Candyman,9529
The Green Knight,559907
Dreamland,1193690
The Forever Purge,602223
Greenland,524047
The Little Things,602269
The Informer,466081
Jungle Cruise,451048
Old,631843
The Card Counter,643532
Stillwater,111834
Titanic,597
The Father,600354
Songbird,1416961
Don't Breathe 2,482373
Those Who Wish Me Dead,578701
Finding You,43221
Barb and Star Go to Vista Del Mar,595813
Pinocchio,86724
Let Him Go,229382
Fatman,602211
The Suicide Squad,436969
Nomadland,581734
Come Play,1202780
"The French Dispatch of the Liberty, Kansas Evening Sun",542178
Wrath of Man,637649
F9,385128
F9,385128
Wrath of Man,637649
"The French Dispatch of the Liberty, Kansas Evening Sun",542178
"Batman
The Long Halloween, Part Two",736074
"Batman
The Long Halloween Part One",736073
Spell,1192542
News of the World,581032
"Snake Eyes
G.I. Joe Origins",568620
Mortal Kombat,460465
The Courier,97512
"Escape Room
Tournament of Champions",585216
The World to Come,506281
The Last Duel,617653
Archenemy,727097
12 Mighty Orphans,625169
The Many Saints of Newark,524369
"The Conjuring
Devil Made Me Do It",423108
Boogie,631058
"Star Trek, IV, the Voyage Home",168
Profile,425686
"Demon slayer
Kimetsu no yaiba",1311031
All My Life,18811
Half Brothers,652962
Spiral,614199
Monster Hunter,68098
Malignant,619778
The Mauritanian,644583
Half Brothers,652962
Monster Hunter,68098
The Night House,547565
Spiral,614199
Voyagers,5391
"Love, Weddings & Other Disasters",627103
Copshop,738652
Cry Macho,749274
Love and Monsters,590223
The Eyes of Tammy Faye,601470
"Star Trek
The Motion Picture",152
Tesla,1213117
The Hitman's Wife's Bodyguard,522931
The Water Man,346687
American Reunion,71552
Breaking News in Yuba County,556867
The Good Liar,511322
Playing With Fire,86151
Joker,475557
Ford V Ferrari,359724
Little Women,77105
The Call of the Wild,481848
Onward,508439
Dolittle,448119
Jojo Rabbit,515001
The Gentlemen,236235
Harriet,506528
Tenet,577922
A Beautiful Day in the Neighborhood,501907
Knives Out,546554
Mulan,10674
The Lighthouse,503919
Sonic the Hedgehog,2404
Dark Waters,36332
1917,530915
Uncut Gems,473033
Frozen II,330457
"Maleficent, Mistress of Evil",420809
Richard Jewell,1291902
The Irishman,398978
Infidel,649401
Emma,236428
First Cow,558582
Underwater,443791
The Secret Garden,11236
Top Gun,744
"Zombieland
Double Tap",338967
Like A Boss,526019
"Terminator
Dark Fate",290859
Doctor Sleep,501170
"Jumanji
The Next Level",512200
I Still Believe,585244
Trolls World Tour,446893
Cats,536869
Scoob!,385103
The Photograph,881204
The Way Back,529485
Just Mercy,522212
Gemini Man,453405
Hard Kill,724989
Midway,522162
Bombshell,3186
The High Note,606679
Parasite,48311
Black Christmas,9656
Queen & Slim,536743
"Batman
Death in the Family",618353
Countdown,256317
The Last Blockbuster,694681
The War With Grandpa,425001
Fantasy Island,39775
"Justice League Dark
Apokolips War",618344
Bloodshot,338762
Bloodshot,338762
21 Bridges,535292
"Superman
Man of Tomorrow",618354
The King of Staten Island,579583
The New Mutants,340102
After We Collided,613504
Honest Thief,553604
Spies in Disguise,431693
Irresistible,218575
"The Last Dance
A 10-part Documentary Event",
"The Craft
Legacy",590995
The Grudge,1970
"Preacher
The Final Season",
Unhinged,625568
Bad Boys for Life,38700
"Birds of Prey
(and the Fantabulous Emancipation of One Harley Quinn)",495764
The Addams Family,14009
"El Camino
A Breaking Bad Movie",559969
The Invisible Man,4735
"Superman
Red Son",124305
Star Wars: The Rise of Skywalker,181812
"The LEGO Movie 2
The Second Part",280217
The Lion King,8587
Pokémon Detective Pikachu,
Wonder Park,400157
Abominable,431580
The Angry Birds Movie 2,454640
Once Upon A Time In... Hollywood,466272
Mary Poppins Returns,400650
Toy Story 4,301528
Cars 2,49013
Dora and the Lost City of Gold,499701
Pride & Prejudice,4348
Overcomer,527776
"How to Train your Dragon, the Hidden World",166428
Us,110232
"Godzilla
King of the Monsters",373571
"Spider-man
Far From Home",429617
Mean Girls,10625
Aladdin,2745
"Fantastic Beasts
The Crimes of Grindelwald",338952
Widows,154026
Finding Nemo,12
"Spider-man
Into the Spider-verse",324857
Bohemian Rhapsody,424694
The Kid Who Would Be King,454294
Rocketman,504608
Ralph Breaks the Internet,404368
Yesterday,273611
Mary Queen of Scots,457136
Addams Family Values,2758
"Downton Abbey
The Motion Picture",535544
Hellboy,1487
"The Land Before Time
The Original Movie",
The Mule,504172
"It
Chapter Two",474350
Night School,454293
A Dog's Way Home,508763
"Alita
Battle Angel",399579
Cinderella,150689
The Upside,440472
Isn't It Romantic,449563
Aquaman,63128
Green Book,490132
Midsommar,530385
Batman Vs Teenage Mutant Ninja Turtles,581997
"Goosebumps 2
Haunted Halloween",442062
"John Wick
Chapter 3, Parabellum",458156
Les Misérables,
Bumblebee,424783
The Farewell,565310
The Kitchen,62128
Ma,260606
Captain Marvel,299537
A Dog's Journey,522518
A Star Is Born,22692
On the Basis of Sex,339380
The Secret Life of Pets 2,412117
Good Boys,231280
Missing Link,78760
Five Feet Apart,527641
Shazam!,287947
First Man,369972
Ad Astra,419704
The Hustle,449562
"X-Men
Dark Phoenix",320288
Ready or Not,9765
The Big Bad Fox and Other Tales,453191
If Beale Street Could Talk,465914
Fighting With My Family,445629
Scary Stories to Tell in the Dark,417384
"Batman
Hush",537056
Holmes & Watson,63915
Men in Black International,479455
Escape Room,522681
The Art of Racing in the Rain,522924
"Dumbo
2019",329996
Unplanned,576071
Stuber,513045
Hobbs & Shaw,384018
The Hate U Give,470044
Judy,491283
Unplanned,576071
Stuber,513045
Hunter Killer,399402
Creed II,480530
Robin Hood,4600
Instant Family,491418
Vice,48552
Little,31017
Hustlers,243797
The Girl in the Spider's Web,446807
The Peanut Butter Falcon,463257
The Intruder,524247
Cold Pursuit,438650
Long Shot,396042
Second Act,92462
"Star Wars
The Force Awakens / Episode VII",
"Avengers, Endgame",299534
Aquarela,533827
Swing kids,10419
Shaft,6593
Never look away,423612
Breakthrough,64220
"Wonder Woman
Bloodlines",537055
After,537915
Tyler Perry's A Madea Family Funeral,464504
Child's Play,15490
Crawl,511987
The Favourite,375262
Ugly Dolls,458345
What Men Want,487297
Angel Has Fallen,423204
The Best of Enemies,458131
Annabelle Comes Home,521029
Poms,574241
Pet Sematary,8913
"Star Wars
The Last Jedi",181808
Booksmart,505600
Halloween,948
Glass,450465
How to Train your Dragon,1087192
"Paddington
2",73737
The Boss Baby,1045944
"Jurassic World
Fallen Kingdom",351286
"Mission, Impossible
Fallout",353081
"Mamma Mia!
Here We Go Again",458423
Peter Pan,360721
I Can Only Imagine,470878
Den of Thieves,449443
Madagascar,953
Deadpool 2,383498
Mission Impossible--Rogue Nation,177677
Blade Runner 2049,335984
Justice League,1618
Coco,354912
Ready Player One,333339
How to Train your Dragon 2,82702
The Greatest Showman,316029
Peter Rabbit,381719
Puss in Boots,61886
Wonder,406997
Die Hard,80624
"I, Tonya",389015
Venom,335983
"Blue Planet II
Take A Deep Breath",
A Wrinkle in Time,407451
Book Club,1010826
Hereditary,493922
Won't You Be My Neighbor?,490003
Pitch Perfect 3,353616
Crazy Rich Asians,455207
Annihilation,300668
American Made,337170
"Maze Runner
Death Cure",336843
Smallfoot,446894
Avengers: Infinity War,299536
A Quiet Place,447332
The Post,446354
Christopher Robin,420814
"Three Billboards Outside Ebbing, Missouri",359940
Hostiles,384680
Lady Bird,391713
Lady and the Tramp,10340
"Jumanji
Welcome to the Jungle",353486
"Pixar Short Films Collection
Volume 3",553381
Murder on the Orient Express,6110
"Pacific Rim
Uprising",268896
Black Panther,19757
"Love, Simon",449176
Hotel Transylvania 3,400155
"Sicario
Day of the Soldado",400535
Molly's Game,396371
Ant-man and the Wasp,363088
The Shape of Water,399055
The Equalizer 2,345887
Isle of Dogs,399174
Tag,455980
Red Sparrow,401981
Life of the Party,399796
Life of the Party,399796
"Captain Underpants
The First Epic Movie",268531
The First Purge,442249
The Happytime Murders,412988
They Shall Not Grow Old,543580
"Thor
Ragnarok",284053
Skyscraper,447200
The Wedding Date,6961
Shrek 2,809
The Commuter,399035
I am a hero,276624
Mile 22,347375
Breaking in,69828
Ferdinand,364689
Kung Fu Panda 3,140300
"Solo
A Star Wars Story",348350
The Spy Who Dumped Me,454992
Mountain,462145
White Boy Rick,438808
All the Money in the World,446791
Deep Blue Sea 2,492336
Celebrating Mickey,618163
Fifty Shades Freed,337167
Slender Man,439015
Searching,489999
Peppermint,458594
I Feel Pretty,460668
Rampage,104658
A fantastic woman,429191
Uncle Drew,474335
Overboard,454619
Loveless,21998
"Batman
Gotham by Gaslight",471474
Blockers,437557
SS-GB,68003
Truth or Dare,480210
The Nun,439079
Ocean's 8,402900
Tomb Raider,338970
The Meg,345940
A Simple Favor,484247
12 Strong,429351
Death Wish,395990
Daddy's Home 2,419680
The Predator,346910
The House With A Clock in Its Walls,463821
The 15:17 to Paris,453201
Incredibles 2,260513
It,346364
"Stranger Things
Season 2",
It,346364
The Lion King,8587
Beauty and the Beast,64248
Paddington,116149
The Accountant,302946
Hidden Figures,381284
Despicable Me 3,324852
Moana,45890
Charlotte's Web,9986
Close Encounters of the Third Kind,840
The Secret Life of Pets,328111
The Lego Ninjago Movie,274862
Cars 3,260514
The Lego Batman Movie,324849
Dunkirk,17720
Arrival,329865
La La Land,133714
"Kingsman
The Golden Circle",343668
Hacksaw Ridge,324786
The Fate of the Furious,337339
Trolls,136799
"Guardians of the Galaxy
Vol. 2",283995
The Emoji Movie,378236
Doctor Strange,60956
The Lion King 1 1/2,
The Princess and the Frog,10198
Beauty and the Beast and Other Princess Tales,
"Kong
Skull Island",293167
Split,381288
"Captain America, the Winter Soldier",100402
"Jack Reacher
Never Go Back",343611
"Alien
Covenant",126889
Logan,229801
The Girl on the Train,346685
Sing,335797
The Shack,345938
Passengers,274870
Wind River,395834
Logan Lucky,399170
Fantastic Beasts and Where to Find Them,259316
Baby Driver,339403
"King Arthur
Legend of the Sword",274857
"Planet Earth
II",68595
Psycho,539
"Smurfs
The Lost Village",137116
Why Him?,356305
Inferno,207932
Lion,334543
Bambi,3170
"Rogue One
A Star Wars Story",330459
Captain America: Civil War,271110
Get Out,36709
A Dog's Purpose,381289
"John Wick
Chapter 2",324552
The Mountain Between Us,290512
Assassin's Creed,121856
The Great Wall,154112
"Pirates of the Caribbean
Dead Men Tell No Tales",166426
Spider-Man: Homecoming,315635
The Mummy,564
Wonder Woman,297762
"Stranger Things
[Season 1]",
Valerian and the City of A Thousand Planets,339964
Fences,393457
The Circle,97083
Born in China,355277
American Assassin,415842
Thor,10195
The Dark Tower,126215
47 Meters Down,403119
"XXX
Return of Xander Cage",47971
"The Lion King 2
Simba's Pride",9732
War for the Planet of the Apes,281338
Rise of the Planet of the Apes,61791
Dreamgirls,1125
Rise of the Planet of the Apes,61791
Atomic Blonde,341013
War for the Planet of the Apes,281338
Girls Trip,250469
"The Lion King 2
Simba's Pride",9732
Power Rangers,210832
Pinocchio,86724
Fifty Shades Darker,341174
Cars,920
Ghost in the Shell,9323
Baywatch,4386
Allied,369885
"Transformers, the Last Knight",335988
"Harry Potter and the Deathly Hallows
Part 2",12445
"Harry Potter and the Deathly Hallows
Part 1",12444
The BFG,267935
"The Hunger Games
Mockingjay, Part 2",131634
Harry Potter and the Sorcerer's Stone,671
Harry Potter and the Goblet of Fire,674
Spotlight,120454
Harry Potter and the Prisoner of Azkaban,673
Finding Dory,127380
The Angry Birds Movie,153518
Deadpool,293660
The Martian,286217
The Martian,286217
Storks,332210
Harry Potter and the Order of the Phoenix,675
Now You See Me 2,291805
The Peanuts Movie,227973
Harry Potter and the Half-Blood Prince,767
"The Purge
Election Year",316727
Sicario,273481
Harry Potter and the Chamber of Secrets,672
The Good Dinosaur,105864
Spectre,206647
Woodlawn,333596
My Big Fat Greek Wedding 2,302688
Jason Bourne,324668
"The Huntsman
Winter's War",290595
Miss Peregrine's Home for Peculiar Children,283366
Sully,363676
Pete's Dragon,294272
Harley and the Davidsons,67673
The Big Short,318846
The Revenant,281957
10 Cloverfield Lane,333371
Goosebumps,5835
Alice Through the Looking Glass,241259
Hell or High Water,338766
Ghostbusters,18131
Snowden,302401
The Nice Guys,290250
Me Before You,296096
Bridge of Spies,296098
I Am Not A Serial Killer,381034
Central Intelligence,302699
Highlander,8009
Everest,58950
Bad Moms,376659
"Teenage Mutant Ninja Turtles
Out of the Shadows",308531
"Independence Day
Resurgence",47933
Creed,312221
Star Trek Beyond,188927
"Neighbors 2
[sorority Rising]",325133
Miracles From Heaven,339984
Carol,44333
The Danish Girl,306819
Dirty Grandpa,291870
The Hateful Eight,273248
Suicide Squad,297761
The Jungle Book,35335
Secret in Their Eyes,290751
Brooklyn,291678
Bridget Jones's Baby,95610
"X-men
Apocalypse",246655
Bridget Jones's Baby,95610
Suicide Squad,297761
Secret in Their Eyes,290751
Flight of the Butterflies,169885
The Boy,17778
Daddy's Home,274167
The Legend of Tarzan,2395
Ride Along 2,323675
Point Break,16377
"Daredevil
The Complete First Season",
"Hail, Caesar!",270487
Joy,244675
Room,69917
Love the Coopers,333348
The 5th Wave,299687
Hotel Transylvania 2,159824
"Batman V Superman
Dawn of Justice",209112
Concussion,321741
The Finest Hours,300673
The Conjuring 2,259693
The 33,293646
Money Monster,303858
"Allegiant
Part 1",
London Has Fallen,267860
Kubo and the Two Strings,313297
The Magnificent Seven,10706
Whiskey Tango Foxtrot,279641
Black Mass,261023
Snow White and the Seven Dwarfs,408
Legend,2296
Unbroken,227306
Pitch Perfect 2,254470
Minions,211672
GoodFellas,769
"The Hobbit
The Battle of the Five Armies",122917
"The Hunger Games
Mockingjay Part 1",131631
Aladdin,2745
John Wick,245891
Vacation,296099
The Imitation Game,205596
"Kingsman
The Secret Service",207703
The Sound of Music,15121
"Alexander and the Terrible, Horrible, No Good, Very Bad Day",218778
Big Hero 6,177572
Terminator Genisys,87101
Bone Tomahawk,294963
The Maze Runner,198663
My Fair Lady,250091
Horrible Bosses 2,227159
Gone Girl,210577
Cinderella,150689
"Back to the Future
Part III",196
Interstellar,157336
The Longest Ride,228205
Penguins of Madagascar,7869
One Hundred and One Dalmatians,12230
The Boys From Brazil,16241
War Room,323272
Woman in Gold,304357
The Theory of Everything,266856
Monkey Kingdom,295592
Furious 7,168259
Back to the Future,105
"Exodus
Gods and Kings",147441
Focus,256591
Jurassic Park III,331
"The Brokenwood Mysteries
Series 1",
Home,87807
Home Alone,65282
Enchanted Kingdom,301056
"Maze Runner
The Scorch Trials",294254
American Sniper,190859
Birdman,875169
Dumb and Dumber to,100042
Ant-Man,102899
"Avengers, Age of Ultron",99861
Boyhood,85350
Free Willy,10289
Still Alice,284293
Jupiter Ascending,76757
Walt Disney Animation Studios Short Films Collection,348666
Aerosmith Rocks Donington 2014,360800
A Night at The Odeon,49572
Paul Blart Mall Cop 2,256961
The Black Stallion,1244
Singles,10194
Get Hard,257091
The BoxTrolls,170687
Burnt,295964
Wild,228970
Pixels,257344
Taken 3,260346
"Mad Max
Fury Road",76341
The Gift,19581
Southpaw,307081
Magic Mike XXL,264999
"Night at the Museum
Secret of the Tomb",181533
Book of Life,228326
The Wedding Ringer,252838
A Walk Among the Tombstones,169917
"Island of Lemurs, Madagascar",240704
Fury,3232
A Walk in the Woods,232572
St. Vincent,1657758
Tomorrowland,158852
Insurgent,262500
San Andreas,254128
Spy,41703
"The Spongebob Movie
Sponge Out of Water",228165
The Man From U.N.C.L.E,210
Ted 2,214756
Into the Woods,224141
Poltergeist,609
Fifty Shades of Grey,216015
Selma,137005
Fantastic Four,9738
Hercules,2567
"The Hobbit
The Desolation of Smaug",57158
"The Hunger Games
Catching Fire",101299
"Planes
Fire & Rescue",218836
Blended,232672
The Jungle Book,35335
The Nut Job,227783
The Grand Budapest Hotel,120467
Mr. Peabody & Sherman,71377
Frozen,109445
The Neverending Story,34584
The Wolf of Wall Street,106646
Kiki's Delivery Service,16859
The Giver,227156
Her,152601
Fargo,60622
"X-Men
Days of Future Past",127585
The Amazing Spider-man 2,102382
Maleficent,102651
Need for Speed,136797
"Mickey, Donald, Goofy
The Three Musketeers",21385
Tarzan,10808
Ride Along,66036
The Lego Movie,137106
The Jungle Book 2,14873
Gravity,31393
Cloudy With A Chance of Meatballs 2,109451
Rio 2,172385
The Flintstones,1996
Bears,14835
"Thor
The Dark World",76338
"Jack Ryan
Shadow Recruit",137094
The Equalizer,95205
A Million Ways to Die in the West,188161
The Secret Life of Walter Mitty,116745
Neighbors,51358
Saving Mr. Banks,140823
Heaven Is for Real,236751
Sleeping Beauty,211120
The Monuments Men,152760
Chef,35898
"The Good, the Bad and the Ugly",8386
Ghostbusters,18131
American Hustle,168672
Tammy,12133
Million Dollar Arm,198185
Foxcatcher,87492
Muppets Most Wanted,145220
Jersey Boys,209451
"Anchorman 2
The Legend Continues",109443
"The Past
Le passé",
Belle,81912
Pain & Gain,134374
The Full Monty,196214
Captain Phillips,109424
The Hundred-foot Journey,228194
Noah,33018
Ender's Game,80274
Free Birds,175574
Teenage Mutant Ninja Turtles,51817
Lucy,240832
Godzilla,340315
Edge of Tomorrow,137113
Draft Day,200505
Divergent,157350
August: Osage County,152737
Million Dollar Baby,70
RoboCop,5548
Non-stop,1417537
Hercules,2567
Tim's Vermeer,212063
"Transformers
Age of Extinction",91314
"300
Rise of An Empire",53182
Robin Hood,4600
"Monsters, Inc",585
The Little Mermaid,2675
Now You See Me,75656
Mulan,10674
Indiana Jones and the Last Crusade,89
Jack Reacher,1045592
Skyfall,37724
"Star Wars
Episode II, Attack of the Clones",1894
"Star Wars
Episode I, The Phantom Menace",1893
"Star Wars
Episode I, The Phantom Menace",1893
"Star Wars
Episode III, Revenge of the Sith",1895
Pitch Perfect,114150
"Babe
Pig in the City",9447
"The Hunchback of Notre Dame
The Hunchback of Notre Dame II",12448
A Good Day to Die Hard,47964
Django Unchained,68718
The Muppet Movie,11176
Schindler's List,424
Jurassic Park,329
The Sword in the Stone,9078
"The Twilight Saga
Breaking Dawn. Part 2",50620
"The Hobbit
An Unexpected Journey",49051
"Percy Jackson
Sea of Monsters",76285
The Terminator,218
Lincoln,31014
"Lilo & Stitch
Lilo & Stitch. Stitch Has A Glitch",20760
Oliver and Company,12233
"Rick Steves' Europe
Greece, Turkey & Portugal",
"Brother Bear
Brother Bear 2",10010
"The Emperor's New Groove
Kronk's New Groove",13417
"The Lost World
Jurassic Park",330
Live Free or Die Hard,1571
Return to Nim's Island,172386
Zero Dark Thirty,97630
Epic,116711
Rush,5566
Argo,68734
Here Comes the Boom,87826
The Wizard of Oz,9858
"Rick Steves'
Scandinavia",
"Rick Steves'
Austria & the Alps",
"Rick Steves' Europe
France",
The Smurfs 2,77931
The Fast and the Furious,20174
Pacific Rim,68726
Prisoners,146233
The Internship,613130
Wreck-it Ralph,82690
Safe Haven,112949
"Die Hard 2
Die Harder",1573
"Rick Steves' Europe
Eastern Europe",
"Star Trek
Into Darkness",54138
The Many Adventures of Winnie the Pooh,250480
42,109410
Gangster Squad,82682
Red 2,146216
World War Z,72190
Who Framed Roger Rabbit,856
Hotel Transylvania,76492
Escape From Planet Earth,68179
Warm Bodies,82654
Mud,14025
Man of Steel,49521
Rise of the Guardians,81188
Fantasia 2000,49948
"Rick Steves' Europe
Germany, Benelux & More",
"Rick Steves' Europe
England & Wales",
"Rick Steves' Europe
Spain",
"Rick Steves Europe'
Italy's Countryside",
"Rick Steves' Europe
Italy's Cities",
"Planes
From Above the World of Cars",
Snitch,1215624
Creature From the Black Lagoon,10973
Wings of Life,54985
RoboCop,5548
Silver Linings Playbook,82693
Life of Pi,87827
Iron Man 3,68721
The Great Gatsby,64682
Liar Liar,63191
Oz the Great and Powerful,68728
2 Guns,136400
The Wolverine,76170
End of Watch,77016
"The Little Mermaid
II, Return to the Sea The Little Mermaid. Ariel's Beginning",
"Bambi
Bambi 2",13205
"Rick Steves' Europe
Ireland & Scotland",
Indiana Jones and the Temple of Doom,87
"E.T., the Extra-Terrestrial",601
Brave,62177
"The Rescuers
The Rescuers Down Under",11135
The Hunger Games,70160
The Aristocats,10112
The Lorax,73723
"Pocahontas
Pocahontas II : Journey to A New World",13761
Lady and the Tramp,10340
Spaceballs,957
Act of Valor,75674
Grosse Pointe Blank,9434
Singin' in the Rain,872
"Journey 2
The Mysterious Island",72545
The Dark Knight Rises,49026
The Amazing Spider-man,4552
Marvel's the Avengers,70801
"Ice Age
Continental Drift",57800
"Madagascar 3
Europe's Most Wanted",80321
"Underworld
Awakening",52520
Looper,59967
Men in Black 3,41154
The Lucky One,77877
Hugo,44826
Beaches,15592
Jaws,578
Mirror Mirror,158642
Pete's Dragon,294272
"The Twilight Saga
Breaking Dawn. Part 1",50619
"The Black Hills and the Badlands
Gateway to the West",275398
Ted,201834
The Grey,75174
Man on A Ledge,49527
Yellow Submarine,12105
John Carter,49529
Chimpanzee,72334
Taken,68006
Hope Springs,14434
The Deer Hunter,11778
Vertigo,53301
Wrath of the Titans,57165
The Bourne Legacy,49040
The Odd Life of Timothy Green,71864
"Cinderella II
Dreams Come True ; Cinderella III : A Twist in Time",
Tangled,38757
The Big Lebowski,115
Alice in Wonderland,65305
"Babe
A Little Pig Goes A Long Way",
Charlie and the Chocolate Factory,118
Spy Kids,10054
"Diary of A Wimpy Kid
Rodrick Rules",60307
Pirates of the Caribbean. The Curse of The Black Pearl,22
"LEGO Star Wars
The Padawan Menace",70608
Dolphin Tale,62837
Pulp Fiction,680
Rango,14496
"Pirates of the Caribbean
At World's End",285
"Star Wars
Episode VI, Return of the Jedi",1892
Dances With Wolves,581
"Pirates of the Caribbean, Dead Man's Chest",58
Dumbo,11360
Red,26038
The King's Speech,45269
The Incredibles,9806
The Sandlot,11528
True Grit,44264
"The Fox and the Hound
And The Fox and the Hound II",9948
American Graffiti,838
Alien,348
"Agatha Christie's Poirot
Series 2",
"Discoveries-- Ireland
The Emerald Isle",1313477
"Discoveries--- Vietnam
21st Century Awakening",
Almost Famous,786
"The Adventures of Priscilla, Queen of the Desert",2759
Breakfast at Tiffany's,164
Beauty and the Beast,64248
"The Lord of the Rings
The Fellowship of the Ring",120
"The Lord of the Rings
The Two Towers",121
Willy Wonka & the Chocolate Factory,413393
"Back to the Future
Part II",165
Toy Story 2,863
Inception,27205
"The Lord of the Rings
The Return of the King",122
Gone With the Wind,101464
The Goonies,9340
Saving Private Ryan,857
Diary of A Wimpy Kid,33217
"Back to the Future
Part III",196
"Best of Europe
Beautiful Greece",
"Shrek Forever After
The Final Chapter",10192
Apocalypse Now,28
The Secret of Kells,26963
The Shawshank Redemption,278
"Best of Travel
Australia & New Zealand",96653
Rocky II,1367
The Fifth Element,18
Avatar,19995
Nanny McPhee,11283
"The Twilight Saga
Eclipse",24021
Grand Canyon,127122
Rick Steves' Eastern Europe From North to South,
"Best of Europe
Beautiful Italy",
Salt,27576
Nanny McPhee Returns,35019
The A-Team,1516
Boogie Nights,4995
Batman Returns,364
The Third Man,28320
The Treasure of the Sierra Madre,3090
Ferris Bueller's Day Off,9377
The Green Mile,497
Watchmen,13183
Amadeus,279
Field of Dreams,205461
Grease,621
The Towering Inferno,5919
Gladiator,98
Alaska & Hawaii,418995
"Best of Europe
London & Beyond",
The Best of the National Parks,517167
"Star Trek
III, The Search for Spock",157
"Star Trek
II, The Wrath of Khan",154
"Star Trek
Nemesis",201
"Star Trek VI
The Undiscovered Country",174
"Best of Europe
Italy",1251405
Chocolat,41951
"Star Trek, First Contact",199
Star Trek,253
"Terminator 2
Judgement Day",280
A Bug's Life,9487
Up,14160
Shaun of the Dead,747
Bolt,13053
Beetlejuice,4288
Twister,77780
Enchanted,4523
Kung Fu Panda,39898
The Rock,9802
Mrs. Doubtfire,788
Band of Brothers,4613
Romancing the Stone,9326
Shrek the Third,810
Grand Canyon,127122
Batman Begins,272
Across the Universe,4688
The Sixth Sense,51335
The Silence of the Lambs,274
Yellowstone,73586
Twilight,8966
We Own the Night,2001
3:10 to Yuma,5176
Ratatouille,2062
The Shining,694
"2001, A Space Odyssey",62
Donnie Brasco,9366
Bridge to Terabithia,1265
Ice Age,425
300,1271
Memoirs of A Geisha,1904
The Departed,1422
The Devil Wears Prada,350
Speed,14440
Stargate,2164
Rocky,1366
"Ice Age
The Meltdown",950
The Usual Suspects,121771
Blazing Saddles,11072
The Fugitive,98950
Black Hawk Down,855
The Ant Bully,9906
50 First Dates,1824
Monster House,7016
Hitch,8488
Stealth,10048
TEST RECORD L & D TRAINING,
Forrest Gump,13
Matilda,10830
Jurassic World,1234821
The Croods,49519
The Matrix,603
Philomena,205220
"Transformers
Dark of the Moon",38356
Mary Poppins,433
Bruce Lee His Greatest Hits,
Paper Towns,286565
Nightcrawler,242582
A Series of Unfortunate Events,65294
"Alvin and the Chipmunks
The Road Chip",258509
The Purge,80213
"Star Wars
Episode IV, New Hope",11
12 Years A Slave,76203
This Is the End,109414
